"Order ID","Order Name","Client Name","Mobile#","Client Company","Client Email","Client Charge","Discount","Service Tax","Amount","Paid Amount",
"8","test multi","raja","7898776655","raj@sons","divyesh@gmail.com","25000","","","","25000",
"16","","Divyesh","","","","2000","","","2000","2000",
"18","","test","9724783505","","","3500","","","3500","3500",
"19","","test","9724783505","","","3500","","","3500","3500",
"20","","test","9724783505","","","3500","","","3500","3500",
"21","","test","9724783505","","","3500","","","3500","3500",
"22","","test","9724783505","","","3500","","","3500","3500",
"23","","test","9724783505","","","3500","","","3500","3500",
"24","","test","9724783505","","","3500","","","3500","3500",
"25","","test","9724783505","","","3500","","","3500","3500",
"26","","test","9724783505","","","3500","","","3500","3500",
"27","","test","9724783505","","","3500","","","3500","3500",
"28","","test","9724783505","","","3500","","","3500","3500",
"30","","testofRinv","9724783505","","","8000","","","8000","8000",
"31","","testofRinv","9724783505","","","8000","","","8000","8000",
"32","","testofRinv","9724783505","","","8000","","","8000","8000",
